time,dmi
1998-01-01,0.525
1998-02-01,0.422
1998-03-01,-0.055
1998-04-01,0.047
1998-05-01,0.14
1998-06-01,0.147
1998-07-01,-0.385
1998-08-01,-0.58
1998-09-01,-0.496
1998-10-01,-0.743
1998-11-01,-0.653
1998-12-01,-0.336
1999-01-01,-0.13
1999-02-01,-0.038
1999-03-01,0.102
1999-04-01,-0.002
1999-05-01,-0.186
1999-06-01,-0.145
1999-07-01,0.112
1999-08-01,0.023
1999-09-01,-0.05
1999-10-01,-0.19
1999-11-01,-0.116
1999-12-01,-0.148
2000-01-01,-0.125
2000-02-01,-0.009
2000-03-01,0.14
2000-04-01,0.141
2000-05-01,0.113
2000-06-01,-0.022
2000-07-01,0.077
2000-08-01,0.131
2000-09-01,-0.096
2000-10-01,-0.142
2000-11-01,-0.306
2000-12-01,-0.248
2001-01-01,-0.431
2001-02-01,-0.017
2001-03-01,-0.01
2001-04-01,0.136
2001-05-01,0.137
2001-06-01,0.127
2001-07-01,-0.14
2001-08-01,-0.301
2001-09-01,-0.223
2001-10-01,-0.451
2001-11-01,-0.245
2001-12-01,-0.051
2002-01-01,-0.142
2002-02-01,-0.098
2002-03-01,0.008
2002-04-01,-0.352
2002-05-01,-0.329
2002-06-01,-0.19
2002-07-01,-0.26
2002-08-01,-0.208
2002-09-01,0.286
2002-10-01,0.405
2002-11-01,0.096
2002-12-01,-0.158
2003-01-01,-0.239
2003-02-01,0.017
2003-03-01,-0.039
2003-04-01,-0.099
2003-05-01,-0.164
2003-06-01,0.139
2003-07-01,0.131
2003-08-01,0.108
2003-09-01,-0.061
2003-10-01,-0.243
2003-11-01,-0.159
2003-12-01,0.189
2004-01-01,0.044
2004-02-01,0.114
2004-03-01,0.077
2004-04-01,-0.08
2004-05-01,-0.565
2004-06-01,-0.384
2004-07-01,-0.301
2004-08-01,-0.132
2004-09-01,-0.106
2004-10-01,-0.004
2004-11-01,-0.153
2004-12-01,-0.132
2005-01-01,-0.124
2005-02-01,-0.56
2005-03-01,-0.432
2005-04-01,0.084
2005-05-01,-0.033
2005-06-01,-0.176
2005-07-01,-0.384
2005-08-01,-0.345
2005-09-01,-0.534
2005-10-01,-0.436
2005-11-01,-0.272
2005-12-01,-0.3
2006-01-01,-0.135
2006-02-01,-0.305
2006-03-01,-0.226
2006-04-01,-0.015
2006-05-01,-0.207
2006-06-01,-0.059
2006-07-01,0.04
2006-08-01,0.229
2006-09-01,0.428
2006-10-01,0.577
2006-11-01,0.501
2006-12-01,0.172
2007-01-01,0.224
2007-02-01,0.15
2007-03-01,0.116
2007-04-01,0.1
2007-05-01,0.27
2007-06-01,0.03
2007-07-01,0.045
2007-08-01,0.236
2007-09-01,0.235
2007-10-01,0.068
2007-11-01,-0.023
2007-12-01,-0.227
2008-01-01,0.115
2008-02-01,-0.072
2008-03-01,0.097
2008-04-01,-0.153
2008-05-01,0.178
2008-06-01,0.215
2008-07-01,0.246
2008-08-01,0.124
2008-09-01,0.086
2008-10-01,0.029
2008-11-01,-0.128
2008-12-01,-0.053
2009-01-01,0.031
2009-02-01,0.163
2009-03-01,0.1
2009-04-01,0.126
2009-05-01,0.256
2009-06-01,0.1
2009-07-01,-0.192
2009-08-01,-0.104
2009-09-01,-0.103
2009-10-01,-0.013
2009-11-01,-0.067
2009-12-01,0.16
2010-01-01,0.294
2010-02-01,0.023
2010-03-01,0.458
2010-04-01,0.37
2010-05-01,-0.03
2010-06-01,-0.14
2010-07-01,-0.001
2010-08-01,-0.062
2010-09-01,-0.268
2010-10-01,-0.437
2010-11-01,-0.495
2010-12-01,-0.212
2011-01-01,0.192
2011-02-01,0.242
2011-03-01,0.367
2011-04-01,0.154
2011-05-01,-0.089
2011-06-01,0.055
2011-07-01,0.223
2011-08-01,0.344
2011-09-01,0.202
2011-10-01,0.356
2011-11-01,0.336
2011-12-01,-0.128
2012-01-01,0.046
2012-02-01,-0.078
2012-03-01,0.026
2012-04-01,-0.271
2012-05-01,-0.37
2012-06-01,0.001
2012-07-01,0.546
2012-08-01,0.652
2012-09-01,0.453
2012-10-01,0.11
2012-11-01,-0.1
2012-12-01,0.268
2013-01-01,-0.065
2013-02-01,0.189
2013-03-01,0.083
2013-04-01,-0.297
2013-05-01,-0.506
2013-06-01,-0.497
2013-07-01,-0.18
2013-08-01,-0.194
2013-09-01,-0.31
2013-10-01,-0.168
2013-11-01,0.199
2013-12-01,0.141
2014-01-01,-0.101
2014-02-01,-0.089
2014-03-01,-0.151
2014-04-01,-0.058
2014-05-01,-0.092
2014-06-01,-0.028
2014-07-01,-0.363
2014-08-01,-0.372
2014-09-01,-0.145
2014-10-01,0.141
2014-11-01,0.01
2014-12-01,0.046
2015-01-01,-0.1
2015-02-01,-0.345
2015-03-01,-0.241
2015-04-01,-0.008
2015-05-01,0.24
2015-06-01,0.296
2015-07-01,0.225
2015-08-01,0.567
2015-09-01,0.294
2015-10-01,0.483
2015-11-01,0.347
2015-12-01,0.272
2016-01-01,0.266
2016-02-01,-0.11
2016-03-01,-0.009
2016-04-01,0.146
2016-05-01,-0.113
2016-06-01,-0.443
2016-07-01,-0.758
2016-08-01,-0.444
2016-09-01,-0.437
2016-10-01,-0.372
2016-11-01,-0.382
2016-12-01,-0.31
2017-01-01,-0.086
2017-02-01,0.101
2017-03-01,0.357
2017-04-01,0.499
2017-05-01,0.536
2017-06-01,0.424
2017-07-01,0.52
2017-08-01,0.349
2017-09-01,0.034
2017-10-01,0.016
2017-11-01,0.289
2017-12-01,0.109
2018-01-01,-0.2
2018-02-01,0.215
2018-03-01,-0.12
2018-04-01,-0.083
2018-05-01,0.122
2018-06-01,0.155
2018-07-01,0.053
2018-08-01,0.122
2018-09-01,0.604
2018-10-01,0.685
2018-11-01,0.5
2018-12-01,0.309
2019-01-01,0.387
2019-02-01,0.416
2019-03-01,0.224
2019-04-01,0.258
2019-05-01,0.539
2019-06-01,0.605
2019-07-01,0.597
2019-08-01,0.436
2019-09-01,0.893
2019-10-01,0.964
2019-11-01,0.835
2019-12-01,0.243
2020-01-01,0.173
2020-02-01,0.054
2020-03-01,0.019
2020-04-01,-0.011
2020-05-01,0.298
2020-06-01,0.454
2020-07-01,0.32
2020-08-01,-0.183
2020-09-01,-0.19
2020-10-01,0.074
2020-11-01,0.02
2020-12-01,0.03
2021-01-01,0.051
2021-02-01,0.243
2021-03-01,0.266
2021-04-01,0.25
2021-05-01,0.009
2021-06-01,-0.002
2021-07-01,-0.228
2021-08-01,-0.099
2021-09-01,-0.058
2021-10-01,-0.091
2021-11-01,0.069
2021-12-01,-0.12
2022-01-01,-0.056
2022-02-01,-0.083
2022-03-01,-0.093
2022-04-01,-0.068
2022-05-01,-0.122
2022-06-01,-0.335
2022-07-01,-0.195
2022-08-01,-0.246
2022-09-01,-0.322
2022-10-01,-0.691
2022-11-01,-0.269
2022-12-01,-0.092
2023-01-01,0.109
2023-02-01,0.157
2023-03-01,0.415
2023-04-01,0.56
2023-05-01,0.443
2023-06-01,0.665
2023-07-01,0.498
2023-08-01,0.825
2023-09-01,0.946
2023-10-01,0.804
2023-11-01,0.92
2023-12-01,0.851
2024-01-01,0.765
2024-02-01,0.328
2024-03-01,0.421
2024-04-01,0.44
2024-05-01,0.297
2024-06-01,0.197
2024-07-01,0.033
2024-08-01,0.267
2024-09-01,0.115
2024-10-01,-0.196
2024-11-01,-0.383
2024-12-01,-0.331
2025-01-01,-0.196
2025-02-01,0.017
2025-03-01,0.059
2025-04-01,0.149
